key,value
1_1_1,1
2_1_1,1
2_1_2,2
2_2_1,2
2_2_2,1
3_1_1,1
3_1_2,2
3_1_3,3
3_2_1,1
3_2_2,3
3_2_3,2
3_3_1,2
3_3_2,1
3_3_3,3
3_4_1,2
3_4_2,3
3_4_3,1
3_5_1,3
3_5_2,1
3_5_3,2
3_6_1,3
3_6_2,2
3_6_3,1
4_1_1,1
4_1_2,2
4_1_3,3
4_1_4,4
4_2_1,1
4_2_2,2
4_2_3,4
4_2_4,3
4_3_1,1
4_3_2,3
4_3_3,2
4_3_4,4
4_4_1,1
4_4_2,3
4_4_3,4
4_4_4,2
4_5_1,1
4_5_2,4
4_5_3,2
4_5_4,3
4_6_1,1
4_6_2,4
4_6_3,3
4_6_4,2
4_7_1,2
4_7_2,1
4_7_3,3
4_7_4,4
4_8_1,2
4_8_2,1
4_8_3,4
4_8_4,3
4_9_1,2
4_9_2,3
4_9_3,1
4_9_4,4
4_10_1,2
4_10_2,3
4_10_3,4
4_10_4,1
4_11_1,2
4_11_2,4
4_11_3,1
4_11_4,3
4_12_1,2
4_12_2,4
4_12_3,3
4_12_4,1
4_13_1,3
4_13_2,1
4_13_3,2
4_13_4,4
4_14_1,3
4_14_2,1
4_14_3,4
4_14_4,2
4_15_1,3
4_15_2,2
4_15_3,1
4_15_4,4
4_16_1,3
4_16_2,2
4_16_3,4
4_16_4,1
4_17_1,3
4_17_2,4
4_17_3,1
4_17_4,2
4_18_1,3
4_18_2,4
4_18_3,2
4_18_4,1
4_19_1,4
4_19_2,1
4_19_3,2
4_19_4,3
4_20_1,4
4_20_2,1
4_20_3,3
4_20_4,2
4_21_1,4
4_21_2,2
4_21_3,1
4_21_4,3
4_22_1,4
4_22_2,2
4_22_3,3
4_22_4,1
4_23_1,4
4_23_2,3
4_23_3,1
4_23_4,2
4_24_1,4
4_24_2,3
4_24_3,2
4_24_4,1
5_1_1,1
5_1_2,2
5_1_3,3
5_1_4,4
5_1_5,5
5_2_1,1
5_2_2,2
5_2_3,3
5_2_4,5
5_2_5,4
5_3_1,1
5_3_2,2
5_3_3,4
5_3_4,3
5_3_5,5
5_4_1,1
5_4_2,2
5_4_3,4
5_4_4,5
5_4_5,3
5_5_1,1
5_5_2,2
5_5_3,5
5_5_4,3
5_5_5,4
5_6_1,1
5_6_2,2
5_6_3,5
5_6_4,4
5_6_5,3
5_7_1,1
5_7_2,3
5_7_3,2
5_7_4,4
5_7_5,5
5_8_1,1
5_8_2,3
5_8_3,2
5_8_4,5
5_8_5,4
5_9_1,1
5_9_2,3
5_9_3,4
5_9_4,2
5_9_5,5
5_10_1,1
5_10_2,3
5_10_3,4
5_10_4,5
5_10_5,2
5_11_1,1
5_11_2,3
5_11_3,5
5_11_4,2
5_11_5,4
5_12_1,1
5_12_2,3
5_12_3,5
5_12_4,4
5_12_5,2
5_13_1,1
5_13_2,4
5_13_3,2
5_13_4,3
5_13_5,5
5_14_1,1
5_14_2,4
5_14_3,2
5_14_4,5
5_14_5,3
5_15_1,1
5_15_2,4
5_15_3,3
5_15_4,2
5_15_5,5
5_16_1,1
5_16_2,4
5_16_3,3
5_16_4,5
5_16_5,2
5_17_1,1
5_17_2,4
5_17_3,5
5_17_4,2
5_17_5,3
5_18_1,1
5_18_2,4
5_18_3,5
5_18_4,3
5_18_5,2
5_19_1,1
5_19_2,5
5_19_3,2
5_19_4,3
5_19_5,4
5_20_1,1
5_20_2,5
5_20_3,2
5_20_4,4
5_20_5,3
5_21_1,1
5_21_2,5
5_21_3,3
5_21_4,2
5_21_5,4
5_22_1,1
5_22_2,5
5_22_3,3
5_22_4,4
5_22_5,2
5_23_1,1
5_23_2,5
5_23_3,4
5_23_4,2
5_23_5,3
5_24_1,1
5_24_2,5
5_24_3,4
5_24_4,3
5_24_5,2
5_25_1,2
5_25_2,1
5_25_3,3
5_25_4,4
5_25_5,5
5_26_1,2
5_26_2,1
5_26_3,3
5_26_4,5
5_26_5,4
5_27_1,2
5_27_2,1
5_27_3,4
5_27_4,3
5_27_5,5
5_28_1,2
5_28_2,1
5_28_3,4
5_28_4,5
5_28_5,3
5_29_1,2
5_29_2,1
5_29_3,5
5_29_4,3
5_29_5,4
5_30_1,2
5_30_2,1
5_30_3,5
5_30_4,4
5_30_5,3
5_31_1,2
5_31_2,3
5_31_3,1
5_31_4,4
5_31_5,5
5_32_1,2
5_32_2,3
5_32_3,1
5_32_4,5
5_32_5,4
5_33_1,2
5_33_2,3
5_33_3,4
5_33_4,1
5_33_5,5
5_34_1,2
5_34_2,3
5_34_3,4
5_34_4,5
5_34_5,1
5_35_1,2
5_35_2,3
5_35_3,5
5_35_4,1
5_35_5,4
5_36_1,2
5_36_2,3
5_36_3,5
5_36_4,4
5_36_5,1
5_37_1,2
5_37_2,4
5_37_3,1
5_37_4,3
5_37_5,5
5_38_1,2
5_38_2,4
5_38_3,1
5_38_4,5
5_38_5,3
5_39_1,2
5_39_2,4
5_39_3,3
5_39_4,1
5_39_5,5
5_40_1,2
5_40_2,4
5_40_3,3
5_40_4,5
5_40_5,1
5_41_1,2
5_41_2,4
5_41_3,5
5_41_4,1
5_41_5,3
5_42_1,2
5_42_2,4
5_42_3,5
5_42_4,3
5_42_5,1
5_43_1,2
5_43_2,5
5_43_3,1
5_43_4,3
5_43_5,4
5_44_1,2
5_44_2,5
5_44_3,1
5_44_4,4
5_44_5,3
5_45_1,2
5_45_2,5
5_45_3,3
5_45_4,1
5_45_5,4
5_46_1,2
5_46_2,5
5_46_3,3
5_46_4,4
5_46_5,1
5_47_1,2
5_47_2,5
5_47_3,4
5_47_4,1
5_47_5,3
5_48_1,2
5_48_2,5
5_48_3,4
5_48_4,3
5_48_5,1
5_49_1,3
5_49_2,1
5_49_3,2
5_49_4,4
5_49_5,5
5_50_1,3
5_50_2,1
5_50_3,2
5_50_4,5
5_50_5,4
5_51_1,3
5_51_2,1
5_51_3,4
5_51_4,2
5_51_5,5
5_52_1,3
5_52_2,1
5_52_3,4
5_52_4,5
5_52_5,2
5_53_1,3
5_53_2,1
5_53_3,5
5_53_4,2
5_53_5,4
5_54_1,3
5_54_2,1
5_54_3,5
5_54_4,4
5_54_5,2
5_55_1,3
5_55_2,2
5_55_3,1
5_55_4,4
5_55_5,5
5_56_1,3
5_56_2,2
5_56_3,1
5_56_4,5
5_56_5,4
5_57_1,3
5_57_2,2
5_57_3,4
5_57_4,1
5_57_5,5
5_58_1,3
5_58_2,2
5_58_3,4
5_58_4,5
5_58_5,1
5_59_1,3
5_59_2,2
5_59_3,5
5_59_4,1
5_59_5,4
5_60_1,3
5_60_2,2
5_60_3,5
5_60_4,4
5_60_5,1
5_61_1,3
5_61_2,4
5_61_3,1
5_61_4,2
5_61_5,5
5_62_1,3
5_62_2,4
5_62_3,1
5_62_4,5
5_62_5,2
5_63_1,3
5_63_2,4
5_63_3,2
5_63_4,1
5_63_5,5
5_64_1,3
5_64_2,4
5_64_3,2
5_64_4,5
5_64_5,1
5_65_1,3
5_65_2,4
5_65_3,5
5_65_4,1
5_65_5,2
5_66_1,3
5_66_2,4
5_66_3,5
5_66_4,2
5_66_5,1
5_67_1,3
5_67_2,5
5_67_3,1
5_67_4,2
5_67_5,4
5_68_1,3
5_68_2,5
5_68_3,1
5_68_4,4
5_68_5,2
5_69_1,3
5_69_2,5
5_69_3,2
5_69_4,1
5_69_5,4
5_70_1,3
5_70_2,5
5_70_3,2
5_70_4,4
5_70_5,1
5_71_1,3
5_71_2,5
5_71_3,4
5_71_4,1
5_71_5,2
5_72_1,3
5_72_2,5
5_72_3,4
5_72_4,2
5_72_5,1
5_73_1,4
5_73_2,1
5_73_3,2
5_73_4,3
5_73_5,5
5_74_1,4
5_74_2,1
5_74_3,2
5_74_4,5
5_74_5,3
5_75_1,4
5_75_2,1
5_75_3,3
5_75_4,2
5_75_5,5
5_76_1,4
5_76_2,1
5_76_3,3
5_76_4,5
5_76_5,2
5_77_1,4
5_77_2,1
5_77_3,5
5_77_4,2
5_77_5,3
5_78_1,4
5_78_2,1
5_78_3,5
5_78_4,3
5_78_5,2
5_79_1,4
5_79_2,2
5_79_3,1
5_79_4,3
5_79_5,5
5_80_1,4
5_80_2,2
5_80_3,1
5_80_4,5
5_80_5,3
5_81_1,4
5_81_2,2
5_81_3,3
5_81_4,1
5_81_5,5
5_82_1,4
5_82_2,2
5_82_3,3
5_82_4,5
5_82_5,1
5_83_1,4
5_83_2,2
5_83_3,5
5_83_4,1
5_83_5,3
5_84_1,4
5_84_2,2
5_84_3,5
5_84_4,3
5_84_5,1
5_85_1,4
5_85_2,3
5_85_3,1
5_85_4,2
5_85_5,5
5_86_1,4
5_86_2,3
5_86_3,1
5_86_4,5
5_86_5,2
5_87_1,4
5_87_2,3
5_87_3,2
5_87_4,1
5_87_5,5
5_88_1,4
5_88_2,3
5_88_3,2
5_88_4,5
5_88_5,1
5_89_1,4
5_89_2,3
5_89_3,5
5_89_4,1
5_89_5,2
5_90_1,4
5_90_2,3
5_90_3,5
5_90_4,2
5_90_5,1
5_91_1,4
5_91_2,5
5_91_3,1
5_91_4,2
5_91_5,3
5_92_1,4
5_92_2,5
5_92_3,1
5_92_4,3
5_92_5,2
5_93_1,4
5_93_2,5
5_93_3,2
5_93_4,1
5_93_5,3
5_94_1,4
5_94_2,5
5_94_3,2
5_94_4,3
5_94_5,1
5_95_1,4
5_95_2,5
5_95_3,3
5_95_4,1
5_95_5,2
5_96_1,4
5_96_2,5
5_96_3,3
5_96_4,2
5_96_5,1
5_97_1,5
5_97_2,1
5_97_3,2
5_97_4,3
5_97_5,4
5_98_1,5
5_98_2,1
5_98_3,2
5_98_4,4
5_98_5,3
5_99_1,5
5_99_2,1
5_99_3,3
5_99_4,2
5_99_5,4
5_100_1,5
5_100_2,1
5_100_3,3
5_100_4,4
5_100_5,2
5_101_1,5
5_101_2,1
5_101_3,4
5_101_4,2
5_101_5,3
5_102_1,5
5_102_2,1
5_102_3,4
5_102_4,3
5_102_5,2
5_103_1,5
5_103_2,2
5_103_3,1
5_103_4,3
5_103_5,4
5_104_1,5
5_104_2,2
5_104_3,1
5_104_4,4
5_104_5,3
5_105_1,5
5_105_2,2
5_105_3,3
5_105_4,1
5_105_5,4
5_106_1,5
5_106_2,2
5_106_3,3
5_106_4,4
5_106_5,1
5_107_1,5
5_107_2,2
5_107_3,4
5_107_4,1
5_107_5,3
5_108_1,5
5_108_2,2
5_108_3,4
5_108_4,3
5_108_5,1
5_109_1,5
5_109_2,3
5_109_3,1
5_109_4,2
5_109_5,4
5_110_1,5
5_110_2,3
5_110_3,1
5_110_4,4
5_110_5,2
5_111_1,5
5_111_2,3
5_111_3,2
5_111_4,1
5_111_5,4
5_112_1,5
5_112_2,3
5_112_3,2
5_112_4,4
5_112_5,1
5_113_1,5
5_113_2,3
5_113_3,4
5_113_4,1
5_113_5,2
5_114_1,5
5_114_2,3
5_114_3,4
5_114_4,2
5_114_5,1
5_115_1,5
5_115_2,4
5_115_3,1
5_115_4,2
5_115_5,3
5_116_1,5
5_116_2,4
5_116_3,1
5_116_4,3
5_116_5,2
5_117_1,5
5_117_2,4
5_117_3,2
5_117_4,1
5_117_5,3
5_118_1,5
5_118_2,4
5_118_3,2
5_118_4,3
5_118_5,1
5_119_1,5
5_119_2,4
5_119_3,3
5_119_4,1
5_119_5,2
5_120_1,5
5_120_2,4
5_120_3,3
5_120_4,2
5_120_5,1
